id title first_name last_name date_of_birth gender email phone_mobile phone_home phone_work phone_fax phone_other address city state postal_code country occupation emergency_contact medicare referral_type referral_type_subcategory extra_information referring_doctor reference_number created_at updated_at last_appointment birth_month last_practitioner_seen last_business_visited account_credit medical_alert archived notes reminder_type invoice_to invoice_email invoice_extra_info concession_type unsubscribed_sms_marketing
000004 mr Ramu kaka 13/11/2007 Male kaka@gmail.com 9874563210         Nurala IN-GJ 247778 IN Business_Man 8541203697 8541203697      8541203000 30/06/2016at08:09AM 30/06/2016at08:09AM 29/04/2016at00:00AM November Robert_Hook Miongo 0 0 false Email #25556454 ramu@gmail.com you_have_nice_extra_info you_have_nice_extra_info Seniors true
000005 mr Sonu sood 30/06/2016 Male sonu@gmail.com 7896541203         chandigarh IN-CH 160058 IN black_mail 8541203697 8541203697      8541203697 30/06/2016at08:10AM 30/06/2016at08:10AM   June     0 0 false Email #456948t  you_can_do_it_again you_can_do_it_again   true
"000006 mr Rohan malik 30/06/2016 Male rohan@gmail.com     8596321047      IN-AN  IN          30/06/2016at08:11AM 30/06/2016at08:11AM 29/06/2016at00:00AM June Robert_Hook Miongo 0.0 0 false  Mr_Rohan_Malik__,_Andaman_and_Nicobar_Islands_India      false"
"000007 mr Seema saini 12/06/2001 Male seema@gmail.com 9856320147         Kohala IN-AN 160057 IN          30/06/2016at08:12AM 30/06/2016at08:12AM 21/06/2016at00:00AM June John_Lamaba Miongo 43.75 0 false  Mr_Seema_Saini_flat-35_Kohala,_Andaman_and_Nicobar_Islands_India_160057    Students false"
"000008 Rabbi Richard parakar 04/09/2007 Male richard@gmail.com       596231047    IN-AN  IN          30/06/2016at08:13AM 30/06/2016at08:13AM 06/04/2016at00:00AM September Robert_Hook Miongo 0.0 0 false  Rabbi_Richard_Parakar_Hno-343_,_Andaman_and_Nicobar_Islands_India richa@gmail.com   Students false"
"000009 Miss Neha Raghav 12/05/1993 Male                         30/06/2016at08:23AM 30/06/2016at08:23AM 15/06/2016at00:00AM May Brawn_Kim Miongo 0.0 0 false Email Miss_Neha_Raghav__,      false"
"000010 Miss Kanchan Sharma 17/05/2013 Female kanchan@gmail.com     8541203697                  30/06/2016at08:24AM 30/06/2016at08:24AM 30/05/2016at00:00AM May Robert_Hook Miongo 0.0 0 false None Miss_Kanchan_Sharma__,      false"
"000011 Professor Ajay Garg   Male                         01/07/2016at10:56AM 01/07/2016at10:56AM 28/06/2016at00:00AM   Brawn_Kim Miongo 0 0 false None Professor_Ajay_Garg__,      false"
000013 dr Atul Sahani 06/07/2016 Male tula@gmail.com 9856321470 8596321470 7410258963 6985320147 9632587410 Karnal IN-HR 160045 IN occupation 123 108 Color Red extra_information_is_last_attribues Martin_Luthar 852140 06/07/2016at14:34PM 07/07/2016at10:33AM   July     0 0 false email #57658768956 atul@invoice.com Extra_info_is_here Extra_info_is_here Seniors true
